URL,Caption
https://i.redd.it/go1tdcw0zd6a1.jpg,a painting of a building under a bridge
https://i.redd.it/9rfxha39gf6a1.jpg,a person holding up a piece of paper with a painting on it
https://i.redd.it/1hguftkyvd6a1.jpg,a drawing of a dog with a pink collar
https://i.redd.it/1yuot30nbf6a1.jpg,a drawing of a human skeleton surrounded by hands
https://i.redd.it/1zbaczflbf6a1.jpg,a cartoon woman with red hair smoking a cigarette
https://i.redd.it/fhpdkw4n9f6a1.jpg,a black and white photo of a woman
https://i.redd.it/ll933npl7f6a1.jpg,a cartoon of a person wearing a hoodie
https://i.redd.it/p3tkl2u03f6a1.jpg,a drawing of a man cutting a tree trunk with a chainsaw
https://i.redd.it/hibyfpot1f6a1.jpg,a colorful painting of a woman's face
https://i.redd.it/nqhro5pe1f6a1.jpg,a skeleton in a suit and tie smoking a cigarette
https://i.redd.it/vpgu3uvrxe6a1.jpg,a painting of a skull on a wall
https://i.redd.it/74aki097we6a1.jpg,a large piece of art with many different pictures on it
https://i.redd.it/qqvxe0bvve6a1.jpg,a painting of a road in the desert
https://i.redd.it/2l5mhzqlve6a1.jpg,a couple of pictures with flowers on them
https://i.redd.it/icpfuqb8ve6a1.png,a dog walking down a road with a ufo in the sky
https://i.redd.it/4gifq4txue6a1.jpg,a painting sitting on the floor in front of a door
https://i.redd.it/w2v7gl93cd6a1.png,a cartoon car driving through a field of grass
https://i.redd.it/e558frkyre6a1.jpg,a red drawing of a woman blowing smoke out of her mouth
https://i.redd.it/589yjn2wre6a1.jpg,a woman blowing smoke out of her mouth
https://i.redd.it/evz0ezn2re6a1.jpg,a drawing of a flower and an eye
https://i.redd.it/hyobipfz7d6a1.png,a painting of a woman with a bow in a field of flowers
https://i.redd.it/jjjzbxa2oe6a1.jpg,a naked man is dancing in a purple light
https://i.redd.it/evmld4lple6a1.jpg,a painting of a man with glasses on
https://i.redd.it/paold5c1he6a1.jpg,a painting of a path through a forest of trees
https://i.redd.it/izzqwivyee6a1.jpg,a painting of a naked woman next to a vase
https://i.redd.it/2xlfyudtvc6a1.jpg,a snail skull sitting on top of a wooden table
https://i.redd.it/9kaypb0dce6a1.jpg,a blue and white siam fish on a black background
https://i.redd.it/mr3i9u2c9e6a1.jpg,a painting of a fox with its eyes closed
https://i.redd.it/b8ak5i639e6a1.jpg,a black and white drawing of many different things
https://i.redd.it/dmbhq5698e6a1.jpg,a picture of a cat laying in the grass
https://i.redd.it/0uqpnep6pc6a1.jpg,a painting of a man smoking a cigar
https://i.redd.it/v3q3oheymc6a1.jpg,the sun is shining brightly in the sky
https://i.redd.it/fy6m0wpu4e6a1.jpg,a man dressed as a vampire with a red cape
https://i.redd.it/xel5w13r4e6a1.jpg,a drawing of a bird on a piece of paper
https://i.redd.it/p0tz87v93e6a1.jpg,a drawing of a gun on a colorful background
https://i.redd.it/9a2rt6wr0e6a1.jpg,a painting of a naked woman laying on her back
https://i.redd.it/5ju2tiuyic6a1.jpg,a carving of a tree on a piece of wood
https://i.redd.it/hxpbet6yic6a1.png,a picture of a city with lots of lights
https://i.redd.it/97md8pznhc6a1.png,a picture of a bunch of bananas with a price tag on it
https://i.redd.it/q5z0obhoxd6a1.jpg,a pencil drawing of a skull
https://i.redd.it/wp4bv3vlxd6a1.jpg,a drawing of a woman with curly hair
https://i.redd.it/75i5n3eaxd6a1.jpg,a drawing of a woman in high heels
https://i.redd.it/96l1voyxwd6a1.jpg,a person holding up a picture of a woman
https://i.redd.it/24ohe2vmwd6a1.jpg,a painting of a baby wearing overalls
https://i.redd.it/c8y6ew4jec6a1.jpg,a painting of a dragon sitting on a crescent moon
https://i.redd.it/zmzq6iepud6a1.jpg,a drawing of a person with many faces
https://i.redd.it/fogw1b8gcc6a1.jpg,a painting of a lighthouse with a seagull flying over it
https://i.redd.it/mo7ivgr4cc6a1.jpg,a painting of a bicycle and clouds
https://i.redd.it/s0s9hmpabc6a1.png,a snowman sitting in the middle of a road
https://i.redd.it/6lb9ntgssd6a1.jpg,an abstract painting on a piece of paper
https://i.redd.it/pp58o2yjqd6a1.jpg,a black and white drawing of a wolf
https://i.redd.it/n6bjhqdn5c6a1.jpg,a hand holding a heart shaped balloon in the sky
https://i.redd.it/y60rr2lm3c6a1.jpg,a painting of a snail on a tree branch
https://i.redd.it/f83cvvwxjd6a1.jpg,a painting of a full moon on a wooden floor
https://i.redd.it/rs4f9g1h0c6a1.jpg,a woman in a costume crouches on a tree branch
https://i.redd.it/0wlfdwy3hd6a1.jpg,a drawing of a letter c with animals on it
https://i.redd.it/hdacktaggd6a1.jpg,a painting of a girl reading a book next to a lizard
https://i.redd.it/bbck6qrgfd6a1.jpg,a painting of a woman with freckles on her face
https://i.redd.it/ji562uf6fd6a1.jpg,a drawing of a face with a poem written on it
https://i.redd.it/s8j0qhcfxb6a1.png,a painting of a building with a tree in the background
https://i.redd.it/50gikt0hed6a1.jpg,a large black dragon head mounted on a wall
https://i.redd.it/8rlsaqaqcd6a1.jpg,a drawing of a camera on a blue background
https://i.redd.it/i8mtnh4ocd6a1.jpg,a painting of a man with a mustache
https://i.redd.it/241157u9ub6a1.jpg,a painting of a church in the snow
https://i.redd.it/37o9l812ub6a1.png,a digital painting of a woman with short hair
https://i.redd.it/mydsp06w8d6a1.jpg,a painting of flowers on a green easel
https://i.redd.it/mjvj7p9lqb6a1.jpg,a picture of a naked woman holding a knife
https://i.redd.it/o6vrh2xg7d6a1.jpg,a black and white drawing of a campfire
https://i.redd.it/hdp4k4kspb6a1.jpg,a drawing of a creepy looking monster
https://i.redd.it/xb8bptsc5d6a1.jpg,a painting of a fish and a candle
https://i.redd.it/oyj81e615d6a1.png,a drawing of a skull with a hand holding it
https://i.redd.it/yrct9kyw3d6a1.jpg,a painting of an owl sitting on top of a mountain
https://i.redd.it/85zf7hqu3d6a1.jpg,a drawing of a large animal on a white background
https://i.redd.it/6pe5o05b3d6a1.jpg,a drawing of a beach with the sun in the sky
https://i.redd.it/jd2s01aqzc6a1.jpg,a drawing of a man with a snake on his head
https://i.redd.it/qvoi8azvhb6a1.jpg,a picture of a wolf and a bear in the woods
https://i.redd.it/1raqfnqoxc6a1.jpg,a picture of a crying eye on a blue background
https://i.redd.it/awqrluk0fb6a1.jpg,a red and yellow poster with a skull on it
https://i.redd.it/1zm56namwc6a1.jpg,a drawing of an eye on a window
https://i.redd.it/acxamnpcwc6a1.jpg,a painting of a man in a suit and tie
https://i.redd.it/pwlrsgzcvc6a1.jpg,a drawing of a bedroom with a bed and dresser
https://i.redd.it/jtc90fotuc6a1.jpg,a drawing of a man smoking a cigarette
https://i.redd.it/etm6x830uc6a1.jpg,a painting of a forest with mountains in the background
https://i.redd.it/r5ynrc32cb6a1.jpg,a painting of pink roses in a vase
https://i.redd.it/hdvxkaj3tc6a1.jpg,a drawing of a mermaid with three people around her
https://i.redd.it/yqgcgxz8bb6a1.jpg,a cell phone with a name tag attached to it
https://i.redd.it/pxuecsqnab6a1.jpg,a sculpture made out of wood and nails
https://i.redd.it/j0q4q7pgqc6a1.jpg,a black and white painting on a piece of paper
https://i.redd.it/48q78if6qc6a1.jpg,a painting of three red poppies on a wall
https://i.redd.it/q21c95088b6a1.jpg,a picture of a person with an eye peeking out of a hole
https://i.redd.it/8sqzxz4imc6a1.jpg,a drawing of a naked woman with wings
https://i.redd.it/0tr4b9862b6a1.png,a cartoon character holding a lollipop and crying
https://i.redd.it/n4olnrb32b6a1.jpg,a woman in a dress standing next to a spider
https://i.redd.it/skr3m2pijc6a1.jpg,a car driving down a street with palm trees in the background
https://i.redd.it/wnpyf7wn1b6a1.jpg,a painting of an angel and a man in the water
https://i.redd.it/x6lkpudohc6a1.jpg,a drawing of a woman with a butterfly on her face
https://i.redd.it/u7r0d3rdhc6a1.jpg,a picture of a face on a wall
https://i.redd.it/7gu8sz6hza6a1.png,a stack of blue and white napkins sitting on top of each other
https://i.redd.it/vxif1c0wgc6a1.jpg,a cartoon illustration of a group of people
https://i.redd.it/dlljde47va6a1.jpg,a vase filled with colorful flowers on a black background
https://i.redd.it/x4143wan9c6a1.jpg,a drawing of a green kite flying in the air
https://i.redd.it/l0c10jsq8c6a1.jpg,a black and white drawing of a floral design
https://i.redd.it/80tfx8wupa6a1.jpg,two pictures of a fish and an octopus
https://i.redd.it/eoddjjmypa6a1.jpg,a painting of a man with glasses and a mustache
https://i.redd.it/3hoigq037c6a1.jpg,a painting of a castle floating in the sky
https://i.redd.it/i7tb76rqna6a1.png,a painting of a metal face on a train track
https://i.redd.it/irugezc2na6a1.png,a man sitting on a skateboard next to a wall
https://i.redd.it/uc13h3crka6a1.png,a black and white drawing of a naked man
https://i.redd.it/3fc52r9b0c6a1.jpg,a painting of a man on skis jumping over a shark
https://i.redd.it/brj1m1taga6a1.jpg,a drawing of a train going down a set of stairs
https://i.redd.it/qocf94fmxb6a1.jpg,a yellow tote bag on a yellow background
https://i.redd.it/bknaviniwb6a1.jpg,a car is parked in a snow covered parking lot
https://i.redd.it/873suqmzda6a1.jpg,a drawing of a dragon sitting in front of a waterfall
https://i.redd.it/o1ah2hafub6a1.jpg,a drawing of an old man in a striped shirt
https://i.redd.it/68po86jkca6a1.jpg,a painting of a man kissing a baby
https://i.redd.it/k7co2qh8tb6a1.jpg,an image of a cat wearing a hat next to a bottle of alcohol
https://i.redd.it/9yjz5wgh7a6a1.jpg,a woman standing in front of a store at night
https://i.redd.it/n2yxb5izob6a1.jpg,a drawing of a fish next to a christmas tree
https://i.redd.it/99bdz6jx6a6a1.png,a woman holding a bunch of red flowers
https://i.redd.it/ex6zs5487a6a1.png,a painting of a bird sitting on top of a book
https://i.redd.it/0epkg3nbob6a1.jpg,a cartoon drawing of two rabbits talking to each other
https://i.redd.it/4ixphc2wnb6a1.jpg,a toilet with a bunch of posters on it
https://i.redd.it/pvk18ytbnb6a1.jpg,a building with a red door and windows
https://i.redd.it/8noogd65nb6a1.jpg,a painting of a boat docked at a pier
https://i.redd.it/knima7damb6a1.jpg,a drawing of a man with a hat and a cane
https://i.redd.it/udtfovnpkb6a1.jpg,a drawing of a man holding a cactus
https://i.redd.it/mv48hmnt2a6a1.jpg,a black and white drawing of a mountain
https://i.redd.it/lmbrmq5gjb6a1.jpg,a painting of a green bird on a blue background
https://i.redd.it/no8hbet3ib6a1.jpg,a drawing of a woman with short hair
https://i.redd.it/irm004cqgb6a1.jpg,a drawing of a hand with blood on it
https://i.redd.it/vc9ukkmmy96a1.jpg,a bracelet with a blue stone on it sitting on a bench
https://i.redd.it/igfudrtrx96a1.jpg,a black and white drawing of a bust of a woman
https://i.redd.it/hes1ymb1fb6a1.jpg,a painting of a river with trees in the background
https://i.redd.it/kgvp0ms0w96a1.jpg,a series of pictures of a dragon holding a donut
https://i.redd.it/c3v87pvzcb6a1.jpg,a painting on a piece of paper with a picture of a woman on it
https://i.redd.it/fwe2r9vycb6a1.jpg,a painting of two people sitting at a table
https://i.redd.it/8oychlofu96a1.png,a cartoon of a cat and a dog in a forest
https://i.redd.it/e8faemjwbb6a1.jpg,a painting of an aurora borealis over a field
https://i.redd.it/vtb4nej4t96a1.png,a bowl filled with a miniature beach scene
https://i.redd.it/2efx968fab6a1.jpg,a painting of a cat sitting in a basket
https://i.redd.it/5m9nn4pz9b6a1.jpg,a painting of an octopus and other sea creatures
https://i.redd.it/ttrrjqmbi96a1.jpg,a woman in a trench coat holding an umbrella
https://i.redd.it/pa7o6c0yn96a1.jpg,an old black and white drawing of a castle
https://i.redd.it/z91up76jn96a1.jpg,a cartoon drawing of a human with an angry face
https://i.redd.it/hzkl7dqw3b6a1.jpg,a painting of a group of sailboats in the water
https://i.redd.it/9jbzu9prza6a1.jpg,a painting of a mermaid swimming in the ocean
https://i.redd.it/lu465ykdza6a1.jpg,a brown dog wearing a denim vest
https://i.redd.it/xkxu5tzmya6a1.jpg,a painting of three glasses of wine
https://i.redd.it/5pjvqd1ef96a1.png,a picture of a tower with a light coming out of it
https://i.redd.it/dtjfkluce96a1.jpg,a painting of a refrigerator full of food
https://i.redd.it/48tgtz0oc96a1.png,a drawing of a city street with motorcycles parked on it
https://i.redd.it/sfjiq7aw896a1.jpg,a painting of a statue of liberty with birds flying around it
https://i.redd.it/vhgk0ekm796a1.jpg,a painting of a body of water with buildings in the background
https://i.redd.it/eo7ye3tb696a1.png,a painting of a man's face with a beard
https://i.redd.it/5tk9vze0696a1.png,a painting of a person with many different colors
https://i.redd.it/lshkd7st396a1.jpg,a painting of a plate of food with an egg on top
https://i.redd.it/nm9ltq6s396a1.jpg,a picture of a street scene with buildings and a traffic light
https://i.redd.it/gk3c9mi0296a1.jpg,an image of a woman floating in the air
https://i.redd.it/3xg5nmpt196a1.png,"a painting of red, blue and white clouds"
https://i.redd.it/pd9curjufa6a1.jpg,a painting of a moose in a forest
https://i.redd.it/shouak40fa6a1.jpg,a cartoon illustration of a purple dinosaur
https://i.redd.it/td61oqial86a1.png,a man holding a heart in his hand in front of an open refrigerator
https://i.redd.it/4lwudbg52a6a1.jpg,a drawing of a mermaid in the ocean
https://i.redd.it/vtiax3jzg86a1.png,a drawing of a woman with a skull on her face
https://i.redd.it/qtlvcj8gx96a1.jpg,a painting of a blue skull with wings
https://i.redd.it/y0nc12u5w96a1.jpg,a black and white drawing of a sunflower
https://i.redd.it/uigwffync86a1.png,a cartoon cat with bandages sitting on a bed
https://i.redd.it/07p1r87ht96a1.jpg,a silver ring sitting on top of a black surface
https://i.redd.it/61cz3luus96a1.jpg,a painting of cats on top of each other
https://i.redd.it/eq9ar03wo96a1.png,a giraffe standing on a hill with a pink sun in the background
https://i.redd.it/6bmqi59m586a1.jpg,a man with a beard and a sword
https://i.redd.it/3phhqxmzk96a1.jpg,a painting of a man standing on a beach holding a surfboard
https://i.redd.it/d0mzt0tsu76a1.jpg,a painting of a man with a beard and glasses
https://i.redd.it/d2btihsnu76a1.jpg,a drawing of a woman with a cat on her head
https://i.redd.it/cjxai7ub896a1.jpg,a painting of a city at night with a boat in the water
https://i.redd.it/030n36l2896a1.jpg,a drawing of a little girl holding a teddy bear
https://i.redd.it/w2q5f5mj776a1.png,a drawing of a woman in a blue dress flying through the air
https://i.redd.it/e2avffyzz86a1.jpg,a drawing of a man with a beard
https://i.redd.it/raas5438y86a1.jpg,a long piece of paper with writing on it
https://i.redd.it/xw5eoakrb76a1.jpg,a drawing of a cat wearing a knitted hat
https://i.redd.it/jbn2717qr86a1.jpg,a painting of a woman with her mouth open
https://i.redd.it/orwyk3hiq86a1.jpg,a pencil drawing of an eye
https://i.redd.it/3t2hp5e2n86a1.jpg,a door with a colorful painting on it
https://i.redd.it/2oc64bymm86a1.jpg,a woman with pink hair and blue eyes
https://i.redd.it/36r1to3fl86a1.jpg,a painting of a bush covered in snow
https://i.redd.it/b01lciw6l86a1.jpg,a painting of a naked woman surrounded by green leaves
https://i.redd.it/g3urrgxfg86a1.jpg,a frog with headphones sitting next to a camera
https://i.redd.it/s2k7coh2x66a1.jpg,a paper cut out of a person flying through the air
https://i.redd.it/zzeucdiqe86a1.jpg,a black and white drawing of many different things
https://i.redd.it/dzs4ew1fe86a1.jpg,a man skiing down a snowy slope with a tree in the background
https://i.redd.it/ffrn2mi5e86a1.jpg,a drawing of a person wearing a jacket
https://i.redd.it/pjdmhd3hs66a1.png,a cactus in a pot with a smiley face on it
https://i.redd.it/vfgp7vo3s66a1.jpg,a watercolor painting of a rooster
https://i.redd.it/c60j9uvg986a1.png,a drawing of a reindeer with a carrot in its mouth
https://i.redd.it/pto1rj8z786a1.png,a picture of a flower in a frame on a table
https://i.redd.it/i4cx1uii786a1.jpg,a painting of two halves of an avocado
https://i.redd.it/lmokhjnl686a1.jpg,a drawing of a human skeleton surrounded by hands
https://i.redd.it/kzp98n9f486a1.png,a drawing of two oranges on a branch
https://i.redd.it/93o5jg6lm66a1.jpg,a red and white ball sitting in the grass
https://i.redd.it/p9plk9zfw76a1.jpg,a drawing of an ostrich and a cactus
https://i.redd.it/nzvq91ocw76a1.jpg,a drawing of a clown with red hair
https://i.redd.it/dvsxiju8d66a1.png,a cartoon woman with blue eyes and a white shirt
https://i.redd.it/utwjyfdqu76a1.jpg,a blue and white drawing of a man
https://i.redd.it/10g6ydkna66a1.jpg,a group of red apples with water droplets on them
https://i.redd.it/f73k5ijg966a1.jpg,a woman holding a flame in her hand
https://i.redd.it/2300j6f5q76a1.jpg,a laptop sitting on a table with a sheet of paper in front of it
https://i.redd.it/4gzfstxwo76a1.jpg,a drawing of a plane flying over a city
https://i.redd.it/gbaxo75kn76a1.jpg,an abstract painting on a white wall
https://i.redd.it/2zhdbyfin76a1.jpg,a painting of a surfboard with blue and orange swirls
https://i.redd.it/9lqeckdz366a1.png,a robot standing in front of a bunch of red signs
https://i.redd.it/nweosspel76a1.jpg,a drawing of a girl sitting in a pond surrounded by fish
https://i.redd.it/8so6pnm7266a1.png,a painting of a man and a woman
https://i.redd.it/zxdhlci8066a1.jpg,a painting of a woman holding a stick
https://i.redd.it/0l75tvuqh76a1.jpg,a painting of a bathtub and a shower curtain
https://i.redd.it/55f1cd2dy56a1.png,a close up of a woman with flowers on her face
https://i.redd.it/tu94hz9jw56a1.jpg,a painting of an octopus dressed as santa claus
https://i.redd.it/581h947uc76a1.jpg,a painting of a forest with trees and flowers
https://i.redd.it/s5p5wyuec76a1.jpg,a drawing of a city street with buildings in the background
https://i.redd.it/1n43s675c76a1.jpg,a painting of a boat on a lake with trees in the background
https://i.redd.it/wax2bskfb76a1.png,a painting of two hands making a sign with their fingers
https://i.redd.it/y1nf9hm3b76a1.png,a painting of a woman with her hand on her chin
https://i.redd.it/6xb24k5va76a1.jpg,a painting of a blue and red figure
https://i.redd.it/76upis2k576a1.png,a painting of a green skull on a piece of wood
https://i.redd.it/jojd86gb476a1.jpg,a drawing of a parrot with its beak open
https://i.redd.it/jtr1kn8m376a1.jpg,a drawing of a man with headphones on his head
https://i.redd.it/ns0cdnfn176a1.jpg,a book with a painting of flowers on it
https://i.redd.it/jzuqiubwj56a1.jpg,a drawing of an umbrella on lined paper
https://i.redd.it/4w75v5n3076a1.jpg,a close up of a flamingo in the dark
https://i.redd.it/8m9d4im7y66a1.jpg,a piece of paper with a pattern on it
https://i.redd.it/d3887s3kb56a1.jpg,a picture of a painting on a table
https://i.redd.it/9b7dc8u2b56a1.png,a drawing of two people hugging each other
https://i.redd.it/udsghjn1s66a1.jpg,a drawing of a woman holding a dog
https://i.redd.it/ik3h499yq66a1.jpg,a painting of a girl standing on a beach holding a sparkler
https://i.redd.it/l48je66r656a1.png,a painting of a large body of water
https://i.redd.it/uso4kz3p656a1.jpg,a drawing of a man with big eyes
https://i.redd.it/6brf0lvtn66a1.jpg,a painting of a shack with smoke coming out of it
https://i.redd.it/lk65y32rm66a1.jpg,a picture of a blue woman with pearls
https://i.redd.it/zqjkdyia356a1.jpg,a painting of oranges on a white background
https://i.redd.it/4khmmnqik66a1.jpg,a cartoon of a cat hugging a demon
https://i.redd.it/yuuo0ooaj66a1.jpg,a painting of a chimpanzee
https://i.redd.it/qeqpgb3qi66a1.png,a green drawing of a tree with circles around it
https://i.redd.it/qa2l9rdxh66a1.jpg,a painting of a woman holding a fan
https://i.redd.it/qg7ip74yz46a1.jpg,a drawing of a planet on a piece of paper
https://i.redd.it/lf6h2xxfz46a1.jpg,a colorful abstract painting of a woman's face
https://i.redd.it/8h9dgecjy46a1.jpg,a painting of a ship in the ocean
https://i.redd.it/wwmomqti966a1.jpg,a painting of a skeleton holding a flower
https://i.redd.it/elirv9lb966a1.jpg,a black and white photo of a statue
https://i.redd.it/i647inu8866a1.png,a woman in a red sweater making the sign for rock and roll
https://i.redd.it/3zy0t2ke766a1.jpg,a painting of a woman sitting in a wine glass
https://i.redd.it/mz8vyo48766a1.jpg,a drawing of a man with a blue eye
https://i.redd.it/3h6cuqwx566a1.jpg,a painting of a tree in a forest
https://i.redd.it/6ztgvzcj466a1.jpg,a person is holding a plate with a miniature garden on it
https://i.redd.it/ddkzwzc4466a1.jpg,a drawing of a woman holding a lit candle
https://i.redd.it/bna2xsq0366a1.jpg,a painting of a cabin in a snowy forest
https://i.redd.it/mnejtxzuh46a1.png,a white urinal with writing on it
https://i.redd.it/thza1xy5i46a1.png,a person standing in front of a neon sign
https://i.redd.it/pmqae1imz56a1.jpg,a painting of a woman with green hair and flowers
https://i.redd.it/jgu37i0tx56a1.jpg,a painting of a landscape with mountains in the background
https://i.redd.it/8urjbrjpx56a1.jpg,a computer generated image of an animal in space
https://i.redd.it/rduwtw3dx56a1.jpg,a painting of a jellyfish on a white background
https://i.redd.it/azlvpziax56a1.jpg,a man in a white sweatshirt and pants
https://i.redd.it/yf3hokvwd46a1.jpg,a painting of a city street at night
https://i.redd.it/1wqilma8u56a1.jpg,an illustration of an indian woman with a nose ring
https://i.redd.it/vj1b10rnr56a1.jpg,a painting of christmas ornaments with a gold bow
https://i.redd.it/icaosirar56a1.jpg,a drawing of a woman in a bikini
https://i.redd.it/wetyw7pq846a1.jpg,a painting of four different colored horses
https://i.redd.it/thtfa0ik846a1.jpg,a painting of a butterfly on a flower
https://i.redd.it/91ld5dj8l56a1.png,a picture of a man standing in front of trees
https://i.redd.it/mx0tk9v5k56a1.jpg,a black and white drawing of a man's face
https://i.redd.it/tqi6hucmh56a1.jpg,a painting of a forest with trees and birds
https://i.redd.it/rprw1avog56a1.jpg,a painting of a woman with a lot of jewelry
https://i.redd.it/sirtjg15g56a1.jpg,a painting of a snow covered street at night
https://i.redd.it/pzls2kjpf56a1.jpg,a painting of a mountain with a person standing in front of it
https://i.redd.it/3ifef5c5e56a1.png,a woman in a black top with a bunch of stars coming out of her head
https://i.redd.it/tfbh79ctd56a1.jpg,a drawing of a man standing next to a worm
https://i.redd.it/au499wpgv36a1.jpg,a painting of trees in the snow
https://i.redd.it/6ctpn40aa56a1.jpg,a drawing of a man with a tongue sticking out of his head
https://i.redd.it/0he6nfxcs36a1.jpg,a drawing of a green fish with yellow eyes
https://i.redd.it/85vardjs856a1.jpg,a plastic figurine on the wall of a refrigerator
https://i.redd.it/rshbsabzq36a1.png,a train with smoke coming out of its chimney
https://i.redd.it/xmtieh7w656a1.jpg,a black and white drawing of a chicken
https://i.redd.it/p9l5yr31656a1.jpg,a black sweatshirt with a white spider on it
https://i.redd.it/jnewa6e6o36a1.png,a drawing of a futuristic castle on a hill
https://i.redd.it/hp05h1mf456a1.jpg,a painting of the palace of fine arts in san francisco
https://i.redd.it/aturvumgh36a1.jpg,a painting of a little girl with an umbrella
https://i.redd.it/slx0gol4h36a1.jpg,a black and white drawing of a bunch of people
https://i.redd.it/o5zktup8x46a1.jpg,a painting of a man taking a picture of himself
https://i.redd.it/6drvnh2tv46a1.jpg,a picture of a bunch of animals and a buddha
https://i.redd.it/ysdjmlwuu46a1.jpg,a drawing of a woman with her hands on her head
https://i.redd.it/ake76tfus46a1.jpg,a drawing of an anime girl with blue hair
https://i.redd.it/uq59rb92s46a1.jpg,a painting of a white flower in a forest
https://i.redd.it/gurmyn7u936a1.png,a demon with red hair holding a sword
https://i.redd.it/26a3703f936a1.jpg,a picture of a statue with geometric shapes around it
https://i.redd.it/w8xl7hlvq46a1.jpg,a painting of two birds sitting on a tree branch
https://i.redd.it/6fx38sxqq46a1.jpg,a painting of a building with lots of different colors
https://i.redd.it/3rz9jodx736a1.jpg,a cartoon snowman with a top hat and a shovel in the snow
https://i.redd.it/9tw82q5j736a1.png,a painting of a woman jumping over fire
https://i.redd.it/mtb1lhyro46a1.jpg,a drawing of a large boat in the water
https://i.redd.it/jsso02rr536a1.png,a psychedelic painting of a lion's head
https://i.redd.it/y57b5u7l436a1.jpg,a painting of a naked woman on a easel
https://i.redd.it/azs9vpdgl46a1.jpg,a painting of a desk with books and a cup of coffee
https://i.redd.it/3qfp0kn0l46a1.jpg,a painting of blue flowers in a forest
https://i.redd.it/bfpzxkd6336a1.jpg,a painting of a woman standing next to a fish
https://i.redd.it/4jfmrlfik46a1.jpg,a picture of a person holding a cell phone
https://i.redd.it/v5idzsyj236a1.png,a painting of a man riding a wave
https://i.redd.it/yslcuw9jg46a1.jpg,a drawing of two hands holding a purple heart
https://i.redd.it/wdp3y80jf46a1.jpg,a painting of an avocado on a table
https://i.redd.it/jq2d86bz946a1.jpg,a single candle is lit in the dark
https://i.redd.it/k8zxldupq26a1.jpg,"a painting of a sign that says ""you are here"""
https://i.redd.it/f1k7hcv8646a1.jpg,two potted cactuses with the words nobody gets me
https://i.redd.it/diz6j67io26a1.jpg,a painting of a forest with trees and rocks
https://i.redd.it/puiaeh4t546a1.jpg,a painting of a sailing ship in the ocean
https://i.redd.it/ge5769qs546a1.jpg,a drawing of a naked woman holding a bottle
https://i.redd.it/4ic653win26a1.png,a computer generated image of a bunch of buildings
https://i.redd.it/s7vljryqm26a1.png,a ghost sitting in a chair reading a book
https://i.redd.it/ta85xnof346a1.jpg,a painting of an octopus and an orca
https://i.redd.it/gpxg4a4hl26a1.jpg,a drawing of a man with a smile on his face
https://i.redd.it/qdcqspvpk26a1.jpg,a painting of an octopus and a galaxy
https://i.redd.it/zbhtuysm046a1.jpg,a drawing of a person with a flower on their head
https://i.redd.it/vy1ryll5v36a1.jpg,a painting of a red rose on a wall
https://i.redd.it/1unvin8p726a1.png,a man with a glowing brain on his head
https://i.redd.it/ippj5yz4o36a1.jpg,a black and white drawing of a skull
https://i.redd.it/3xrdzlw5526a1.png,a black and white photo of a room
https://i.redd.it/1zzkdb3v426a1.gif,a black and white drawing of a girl sitting in a chair
https://i.redd.it/nbx9omyj326a1.jpg,a painting of a cabin in the woods
https://i.redd.it/ikdek694x16a1.png,a drawing of a skeleton sitting in a lotus position
https://i.redd.it/tnuqj0sbu16a1.jpg,a painting of a ship sailing in the ocean
https://i.redd.it/l24y1sd5a36a1.jpg,a drawing of a woman covering her mouth with her hand
https://i.redd.it/2glblx68s16a1.gif,a drawing of a cat with a crescent moon
https://i.redd.it/qmnmz99p836a1.jpg,a drawing of a dog wearing a harness
https://i.redd.it/12yy2chfq16a1.jpg,a picture of a building with a lot of lights on it
https://i.redd.it/4ajgrq6sv26a1.jpg,a painting of a black cat and a cucumber
https://i.redd.it/jwb9mgzdc16a1.jpg,a painting of a man sitting on a chair
https://i.redd.it/3i447oopb16a1.jpg,a painting of a tree in the snow
https://i.redd.it/ih54ff9g916a1.jpg,a painting of a man laying on green leaves
https://i.redd.it/ifwybuot816a1.jpg,a painting of a woman in a green dress
https://i.redd.it/nmav7oxz716a1.jpg,a portrait of a man with long hair and a beard
https://i.redd.it/p8ptt3bfp26a1.jpg,a painting of a cat with planets on it
https://i.redd.it/70p8a6cso26a1.jpg,a colorful hexagon painted on a white wall
https://i.redd.it/tmlvvxdbm26a1.jpg,a drawing of a man with tattoos on his neck
https://i.redd.it/1yksheboj26a1.jpg,a drawing of a man walking through a forest
https://i.redd.it/xl4m9np3116a1.jpg,a painting of a deer with wings and a star
https://i.redd.it/ms1jbdpof26a1.jpg,a cartoon of a man holding a woman in his arms
https://i.redd.it/s8s7bhdcb26a1.jpg,a bunch of cats with different colored eyes
https://i.redd.it/bq87jmbz926a1.jpg,a black and white drawing of a japanese word
https://i.redd.it/eggmyy9h726a1.jpg,a drawing of an apple with eyes in it
https://i.redd.it/w17v83aho06a1.png,a painting of a sunset with a cat in the foreground
https://i.redd.it/jyx3bjjl426a1.jpg,a person holding up a painting of a penis
https://i.redd.it/vvo464lo326a1.jpg,a painting of an octopus on a wooden table
https://i.redd.it/pv0lmdo6l06a1.jpg,a black and white picture of a circuit board
https://i.redd.it/rnjifit5k06a1.png,a painting of three women spinning yarn
https://i.redd.it/yz25fyw8h06a1.gif,a train is coming down the tracks at night
https://i.redd.it/a0nmd9vdh06a1.jpg,a drawing of a woman with swans around her
https://i.redd.it/xvrl3okfh06a1.jpg,a man riding an elephant with a sword
https://i.redd.it/kmal3ho6g06a1.png,a bench sitting in the middle of a forest
https://i.redd.it/6xx0tbynu16a1.jpg,a drawing of a woman with butterflies on her eyes
https://i.redd.it/4f4kxn2ys16a1.jpg,a drawing of a man and woman in a kitchen
https://i.redd.it/5mm5n7uos16a1.jpg,a drawing of a pig in a cage
https://i.redd.it/tez0ph33b06a1.jpg,a painting of a pink cat with blue eyes
https://i.redd.it/cf25pu3as16a1.jpg,a drawing of a woman holding a piece of paper
https://i.redd.it/poubr31an16a1.jpg,a painting of a man with blonde hair
https://i.redd.it/qovz53k9506a1.jpg,a painting of a church in the snow
https://i.redd.it/euusa0x7m16a1.jpg,a person holding up a painting of a field of flowers
https://i.redd.it/6hkkqocrl16a1.jpg,a picture of a cat laying in the grass
https://i.redd.it/rjiyk0p6yz5a1.png,a cartoon character with horns and a crown on his head
https://i.redd.it/89safp9pxz5a1.png,a woman in a white dress holding a remote control
https://i.redd.it/03gday5xd16a1.jpg,a picture of a naked woman with stars on her body
https://i.redd.it/mb66ez2fvz5a1.jpg,a painting of a japanese style house at night
https://i.redd.it/mfgbc8lq916a1.png,a man holding a guitar while standing in front of a purple background
https://i.redd.it/c6fi0vlgrz5a1.jpg,a couple of anime characters standing next to each other
https://i.redd.it/4eoxftwa716a1.jpg,a painting of a woman holding a sword
https://i.redd.it/e4cda0k3416a1.jpg,a group of people standing around a person laying on the ground
https://i.redd.it/6iofacfylz5a1.jpg,a black and white drawing of a hole in the ground
https://i.redd.it/jylpo4h5dz5a1.jpg,a drawing of a woman juggling a ball
https://i.redd.it/2amfsoc0u06a1.jpg,a drawing of a vase with roses in it
https://i.redd.it/okuqxlodt06a1.jpg,a painting of a woman holding a flower
https://i.redd.it/3gvlxkfnbz5a1.jpg,a painting of a man and woman sitting on a bench
https://i.redd.it/xccwmkc8p06a1.jpg,a skull with horns and flowers on it
https://i.redd.it/rllpmtso0z5a1.png,a man playing a guitar in front of a microphone
https://i.redd.it/n11mh3khh06a1.jpg,a person holding up a picture of a house
https://i.redd.it/hqd8208vg06a1.jpg,a blue and white vase with a skull on it
https://i.redd.it/r8e68vhmyy5a1.jpg,a man standing on a balcony at night
https://i.redd.it/snszpex9g06a1.png,a pencil drawing of a woman
https://i.redd.it/o7okj2ihf06a1.jpg,a drawing of a naked woman with horns
https://i.redd.it/25lmh5wguy5a1.png,a painting of a building with a lot of people in it
https://i.redd.it/pwgvhes1c06a1.jpg,a painting of liquor bottles and lemons on a table
https://i.redd.it/x274aj2qb06a1.jpg,a black and white photograph of a wall
https://i.redd.it/qazw0ndtry5a1.jpg,a woman in a purple outfit holding a sword
https://i.redd.it/pf0p3up7906a1.jpg,a bunch of cute little mushrooms on top of each other
https://i.redd.it/397t1m9r706a1.gif,a drawing of an hourglass on a black background
https://i.redd.it/wv2vat7g506a1.jpg,a drawing of an old man on a piece of paper
https://i.redd.it/wpmefc5cmy5a1.jpg,a picture of a man sitting at a table reading a book
https://i.redd.it/pdndmwu7my5a1.jpg,a man wearing a white tank top and a necklace
https://i.redd.it/mzfrcyk9ky5a1.jpg,a blue and gold snail skull on a wooden table
https://i.redd.it/tci9xudkhy5a1.jpg,a portrait of a woman wearing a turban
https://i.redd.it/yaiwsgq3gy5a1.jpg,a drawing of a skeleton holding a flower
https://i.redd.it/3gu45tulfy5a1.jpg,a framed picture of a woman in a red dress
https://i.redd.it/m41q5ro7fy5a1.jpg,a person walking through a snow covered forest
https://i.redd.it/djbbez3ddy5a1.png,a black and white image of a man's head
https://i.redd.it/a4cyizlpuz5a1.jpg,a group of cartoon characters with the words squad goals
https://i.redd.it/iua8j5pwtz5a1.jpg,a painting of a man and a woman on a table
https://i.redd.it/1uxxqb0wpz5a1.jpg,a painting of a person with blue eyes
https://i.redd.it/sogt9hg18y5a1.jpg,a man holding an umbrella in front of a wall
https://i.redd.it/fywzkv05pz5a1.jpg,a painting of a face in a circle
https://i.redd.it/5dwnwkly6y5a1.png,a computer generated image of a space ship
https://i.redd.it/r9312h9k5y5a1.jpg,a futuristic spaceship flying through space
https://i.redd.it/w69172ycnz5a1.jpg,a portrait of a young woman with short hair
https://i.redd.it/r1xuhgmskz5a1.jpg,a blue background with a bunch of different things on it
https://i.redd.it/b6jay3rmiz5a1.jpg,a painting of a snowman with headphones on
https://i.redd.it/aznxl9eliz5a1.png,a painting of a man standing in a doorway
https://i.redd.it/c01txtvizx5a1.jpg,a painting of a swimming pool at sunset
https://i.redd.it/ytik8walgz5a1.jpg,a painting of a woman kneeling in front of a small house
https://i.redd.it/v0n2ivekez5a1.jpg,a painting of nutcrackers and santa claus
https://i.redd.it/kathfk9pwx5a1.png,a watercolor painting of a tall building
https://i.redd.it/ei4bx8v9ez5a1.jpg,a black and white drawing of a woman reading a book
https://i.redd.it/fh80hqe7vx5a1.png,a drawing of a sword with a pentagram on it
https://i.redd.it/nw3bfkaibz5a1.jpg,a person holding a pencil drawing of a person in a cloak
https://i.redd.it/k3z3ra3gaz5a1.jpg,a black and white drawing of a tree
https://i.redd.it/98dhd2zmsx5a1.jpg,a colorful painting on a white wall
https://i.redd.it/r6xyesum9z5a1.jpg,a drawing of a girl with her hands on her ears
https://i.redd.it/9ym5fusumx5a1.jpg,a painting of a monster with a knife
https://i.redd.it/j0rcj4up3z5a1.png,a painting of a dog wearing a plaid shirt
https://i.redd.it/t8qifnmtjx5a1.png,a ring with a green stone and diamonds
https://i.redd.it/3mh0io8kix5a1.jpg,a book with a lot of drawings on it
https://i.redd.it/rjexdovhix5a1.jpg,a painting of a stone path surrounded by flowers
https://i.redd.it/e5673x49hx5a1.png,a drawing of a chicken with sharp teeth
https://i.redd.it/z1dr0yknxy5a1.jpg,a piece of art on a piece of cardboard
https://i.redd.it/fkutxwltfx5a1.jpg,a painting of an old church on a hill
https://i.redd.it/in4peqllwy5a1.jpg,a painting of a bunch of cans on a table
https://i.redd.it/70nt6m7ovy5a1.jpg,a drawing of a skeleton holding a sword
https://i.redd.it/x4d1qe4uuy5a1.jpg,a drawing of a man with a lot of hair on his head
https://i.redd.it/c3bog5gpuy5a1.jpg,a picture of a man in a red underwear
https://i.redd.it/b874vdjtty5a1.jpg,a painting of a woman with a hat and cats
https://i.redd.it/uz974m8hty5a1.jpg,a painting of an ice cream sandwich on the ground
https://i.redd.it/iwzd4ub2bx5a1.jpg,a painting of a cat with green eyes
https://i.redd.it/z255doy6bx5a1.jpg,"a painting of red, yellow and green peppers"
https://i.redd.it/d2m597bcsy5a1.jpg,a painting of a bouquet of flowers in a glass jar
https://i.redd.it/sn8riwldax5a1.jpg,a painting of a german shepherd dog
https://i.redd.it/jgv3w8jwqy5a1.jpg,a hand holding a pendant with a fox on it
https://i.redd.it/0vjo25cq8x5a1.jpg,a cartoon of a woman holding a guitar
https://i.redd.it/o39ihzobpy5a1.jpg,a drawing of a building with graffiti on it
https://i.redd.it/1guaeo2bpy5a1.jpg,a drawing of a naked woman kneeling down
https://i.redd.it/wki2pkol7x5a1.jpg,a painting of a monkey and an alien
https://i.redd.it/d5uj0jh75x5a1.png,a painting of a man with green glowing eyes
https://i.redd.it/upmmcjvomy5a1.jpg,a painting of a house on a hill
https://i.redd.it/zebgoswmky5a1.jpg,an abstract painting on a black surface
https://i.redd.it/mt4xtejojy5a1.jpg,a picture of a heart with a cell phone plugged into it
https://i.redd.it/wldz5ra10x5a1.png,a drawing of a man with a hat and a suitcase
https://i.redd.it/9drf75hhhy5a1.jpg,a man with no shirt standing in front of a purple and blue background
https://i.redd.it/rsjjv1vdzw5a1.jpg,a person laying on the ground in front of a train track
https://i.redd.it/849zwe9ogy5a1.gif,a drawing of two hands making a kiss
https://i.redd.it/jjxl6kgsww5a1.jpg,a woman laying on top of a bed
https://i.redd.it/ax0rbhwbey5a1.jpg,a painting of a woman with horns on her head
https://i.redd.it/ugvkupw3ww5a1.jpg,a drawing of a woman with a shaved head
https://i.redd.it/k8354ae1dy5a1.jpg,a black and gold painting on a white wall
https://i.redd.it/aixekt0cby5a1.jpg,a drawing of a woman with curly hair
https://i.redd.it/7qfnnet8by5a1.jpg,a painting of a bunch of flowers on a blue background
https://i.redd.it/c0t83dtway5a1.jpg,a black and white drawing of a man wearing a hat
https://i.redd.it/4cf3uafwrw5a1.jpg,a man wearing a blue hoodie and a black face mask
https://i.redd.it/81p1jjekow5a1.jpg,a painting of a sail boat on the water
https://i.redd.it/hmo74lkf6y5a1.jpg,a painting of a man wearing a tie
https://i.redd.it/vwctywg86y5a1.jpg,a drawing of a woman in a bikini with horns on her head
https://i.redd.it/qp0f8nun5y5a1.jpg,a painting on the wall of a room
https://i.redd.it/zkaxzxm9nw5a1.png,a colorful painting of a tree with roots
https://i.redd.it/4dehw7444y5a1.jpg,a drawing of a witch with a hat on
https://i.redd.it/bvlddw1s2y5a1.png,a painting of two picnic tables on a beach
https://i.redd.it/2kebuncg1y5a1.jpg,a painting of a rabbit with the word lucky written on it
https://i.redd.it/vnrolick0y5a1.jpg,a drawing of a woman with red hair
https://i.redd.it/we1nrfdozx5a1.jpg,a wooden sculpture of a bee on a flower
https://i.redd.it/6ysjxej2yx5a1.jpg,a picture of a man with a bandana over his face
https://i.redd.it/hbgiqa7qvx5a1.jpg,a painting of a giraffe with a tree in the background
https://i.redd.it/2icln83nsx5a1.jpg,a painting of a woman with long hair
https://i.redd.it/nubldf4brx5a1.jpg,a painting of three trees with snow on them
https://i.redd.it/ztg1polxpx5a1.jpg,a drawing of a bowl of food with chopsticks
https://i.redd.it/l7mylcoa8w5a1.jpg,a painting of a man with a beard
https://i.redd.it/kkgnfqa7px5a1.jpg,a painting of a mountain and a lake
https://i.redd.it/sz6elluzox5a1.jpg,a drawing of a hand on a piece of paper
https://i.redd.it/3c11n5qkox5a1.jpg,a drawing of a cave with people in it
https://i.redd.it/d79w1v3xnx5a1.jpg,a man sitting in a chair next to a man sitting in a chair next to a man sitting in a chair next to a man sitting in a chair
https://i.redd.it/wf9jdq1bnx5a1.png,a cartoon of a man with a hat on his head
https://i.redd.it/1owp4fw45w5a1.jpg,a drawing of a creature with ice wings
https://i.redd.it/dpld7tkm2w5a1.png,a drawing of a cat skull with its mouth open
https://i.redd.it/0g37gi3ajx5a1.jpg,a cartoon of a man with no shirt on
https://i.redd.it/qiv2zax6ix5a1.jpg,a painting of two dogs sitting next to a christmas tree
https://i.redd.it/xmf3wqhqhx5a1.jpg,a painting of a bouquet of flowers on a yellow background
https://i.redd.it/2uo09e3mhx5a1.jpg,a painting of a man with a skull on his head
https://i.redd.it/si2nd8cazv5a1.jpg,a painting of a sail boat in the ocean
https://i.redd.it/pkfccupbzv5a1.jpg,a painting of a red haired woman with sunflowers
https://i.redd.it/olsi3fkugx5a1.jpg,an illustration of a candy bar with a bunny on it
https://i.redd.it/5opshgxxyv5a1.jpg,a painting of a stormy ocean with waves
https://i.redd.it/olkvkf3cfx5a1.jpg,a man and a woman sitting at a table
https://i.redd.it/wbcbwrjcxv5a1.jpg,a painting of a mountain range with a person on a skateboard
https://i.redd.it/0zpn9hu4ex5a1.jpg,a painting of a lake with mountains in the background
https://i.redd.it/ml219b04dx5a1.jpg,a painting of an animal with leaves around it
https://i.redd.it/84y8to1puv5a1.jpg,a woman in a black dress and face paint holding a bone
https://i.redd.it/u1ekf680cx5a1.png,a picture of a mouse with a heart on it
https://i.redd.it/sdjvpmf8uv5a1.jpg,a picture of a person in a blue light
https://i.redd.it/4ndufm4kax5a1.jpg,a painting of a woman sitting on a chair
https://i.redd.it/zn4c2n2u9x5a1.png,a painting of a person laying on a chair
https://i.redd.it/ugxlealtrv5a1.jpg,a drawing of a woman holding a skull
https://i.redd.it/5vldoo719x5a1.jpg,a man with red hair and a crown on his head
https://i.redd.it/x64wn11t8x5a1.jpg,a picture of a naked woman in a dark room
https://i.redd.it/o4uwahb87x5a1.jpg,a black and white photo of a woman with wet hair
https://i.redd.it/a4ld5rzn5x5a1.jpg,a drawing of a bird with a knife sticking out of it
https://i.redd.it/uexbz8ci5x5a1.jpg,a couple of frogs sitting on top of each other
https://i.redd.it/sbx2n5dgnv5a1.jpg,a space ship flying through a rainbow colored sky
https://i.redd.it/d7j6akarmv5a1.png,a drawing of a bunch of different things
https://i.redd.it/90mjtkta4x5a1.jpg,a girl sitting down with her arms crossed
https://i.redd.it/kc7sm63njv5a1.jpg,a painting of a woman holding a child
https://i.redd.it/8acachrgww5a1.jpg,a painting of a person with a hat on
https://i.redd.it/1bt12jchev5a1.jpg,a painting of a mountain range with snow capped peaks
https://i.redd.it/xxkne00gvw5a1.jpg,a bunch of cartoon animals in a field
https://i.redd.it/939gruzpsw5a1.jpg,a man with glasses and a crown on his head
https://i.redd.it/l70a6tw49v5a1.jpg,a picture of a painting on a wall
https://i.redd.it/vgnakz7s9v5a1.png,a drawing of a woman and a man
https://i.redd.it/h526577gpw5a1.jpg,a cartoon of a woman in a black and purple bikini
https://i.redd.it/ubcqf0vikw5a1.png,a brown horse with a leaf on its head
https://i.redd.it/09zvo5wiiw5a1.jpg,a drawing of a woman smoking a cigarette
https://i.redd.it/rsvmneeggw5a1.jpg,a drawing of four faces with smoke coming out of them
https://i.redd.it/0n665ufkyu5a1.jpg,a painting of three naked women holding each other
https://i.redd.it/fyodde14ew5a1.jpg,a painting of a forest with trees
https://i.redd.it/34hnfggzvu5a1.jpg,a painting of a woman holding a spear in the woods
https://i.redd.it/k5l2su9kdw5a1.jpg,a black and white drawing of a group of people
https://i.redd.it/wf4eiep9dw5a1.jpg,a painting of a naked woman sitting on a chair
https://i.redd.it/i1m13m7kcw5a1.jpg,a painting of three people with red and orange paint on them
https://i.redd.it/z1cxyeafbw5a1.jpg,an abstract painting with swirls and circles
https://i.redd.it/lqi7gmyotu5a1.jpg,a girl with a pearl earring and a pearl necklace
https://i.redd.it/0jscakciaw5a1.jpg,a painting of a heart on a blue background
https://i.redd.it/8lre7no3su5a1.jpg,a painting of a santa claus with glasses
https://i.redd.it/gul0svct7w5a1.jpg,a horse and a dog looking at each other
https://i.redd.it/c9e6p4uqpu5a1.png,a man holding a pair of scissors to a woman's lips
https://i.redd.it/peqbjiym5w5a1.jpg,a painting of blue berries on a tree branch
https://i.redd.it/p7b3edq45w5a1.jpg,a painting of a man standing in front of a red barn
https://i.redd.it/gx92de3tiu5a1.jpg,an abstract painting of blue and pink water
https://i.redd.it/5rk7xykegu5a1.png,a painting of a sunset on a easel
https://i.redd.it/go4yd9q2vv5a1.jpg,a woman with long hair and glasses
https://i.redd.it/hzgj2joosv5a1.jpg,a painting of a tree with orange leaves
https://i.redd.it/5wk3560xqv5a1.jpg,a fish with a smile on its face
https://i.redd.it/df5z9kln8u5a1.jpg,a woman jumping over a dragon with a sword
https://i.redd.it/x8ie71j9ov5a1.jpg,a painting of a boy with an umbrella standing in the rain
https://i.redd.it/u5zbhin23u5a1.jpg,a painting of a woman with birds flying around her
https://i.redd.it/bxn306oqiv5a1.jpg,a painting of the sun and the moon
https://i.redd.it/zbovui6myt5a1.jpg,a drawing of a mouse on a sleigh flying over the moon
https://i.redd.it/q11fi9fzcv5a1.jpg,the moon is reflected in the window of a building
https://i.redd.it/9qkdmbdrqt5a1.jpg,a painting of a cat and a painting of a dog
https://i.redd.it/n5hhvwy13v5a1.jpg,a black and white drawing of a woman
https://i.redd.it/wfmujxi41v5a1.jpg,a drawing of santa claus riding on a sleigh with pigs
https://i.redd.it/fzs0ooigjt5a1.png,a drawing of a person with glasses and a tie
https://i.redd.it/vvfe58xyit5a1.jpg,a drawing of a bear standing on top of a table
https://i.redd.it/kghmvzvzgt5a1.jpg,a painting of a city on a rainy day
https://i.redd.it/3atmemz4dt5a1.jpg,a painting of a forest with colorful trees
https://i.redd.it/v0ou1bribt5a1.jpg,a woman sitting at a computer with a cat on her lap
https://i.redd.it/0ik8aj3iqu5a1.jpg,a painting of a woman with green hair and a bird on her head
https://i.redd.it/dufm4oq57t5a1.jpg,a drawing of a rooster wearing a santa hat
https://i.redd.it/9ac6ms2r6t5a1.png,a black and white drawing of a chicken on a cart
https://i.redd.it/gn4nvyfxmu5a1.jpg,a man in an astronaut suit standing in front of a light
https://i.redd.it/3hu8fpp12t5a1.jpg,a man in a white hoodie riding a tricycle
https://i.redd.it/2y0azffhgu5a1.jpg,a black and white drawing of a cross
https://i.redd.it/rrw14og0gu5a1.jpg,a drawing of a woman with a lot of hair on her head
https://i.redd.it/3sr8r92bbu5a1.jpg,a painting of a dog wearing a pink bandana
https://i.redd.it/wbznij0n8u5a1.jpg,a drawing of a man standing on top of a castle
https://i.redd.it/qqa40lqn7u5a1.jpg,a painting of a person walking down a street
https://i.redd.it/89z0it2z4u5a1.jpg,an easel with a colorful painting on it
https://i.redd.it/un4h92sv4u5a1.jpg,an old tv sitting on top of a pile of trash
https://i.redd.it/d4y83biu4u5a1.jpg,an abstract painting on a piece of paper
https://i.redd.it/qn5xpvuo0u5a1.jpg,a cartoon image of a person in a pink hoodie
https://i.redd.it/mxlh4xkcfs5a1.png,a man in a space suit holding a sign in the water
https://i.redd.it/mh8p6fs0wt5a1.jpg,a cartoon character typing on a laptop computer
https://i.redd.it/fzzr08kpvt5a1.jpg,a painting of a river surrounded by trees
https://i.redd.it/ufwj80c2vt5a1.png,a drawing of a lizard sitting on top of a guitar
https://i.redd.it/8sbuug5hbs5a1.png,a cartoon woman in a green sweater with stars on it
https://i.redd.it/rerpaq6qrt5a1.png,a painting of a window with green shutters
https://i.redd.it/3189ml1l9s5a1.png,a couple standing under a tree at night
https://i.redd.it/eo40kdp8ot5a1.jpg,a painting of a man with a big nose
https://i.redd.it/k5b6i0qknt5a1.jpg,a painting of a spider on a wall
https://i.redd.it/xbggz1ns4s5a1.png,a black and white drawing of a naked woman
https://i.redd.it/1aekl2tq4s5a1.jpg,an image of a cartoon character with blue hair
https://i.redd.it/k4wsri3sjt5a1.jpg,a drawing of a zombie with teeth
https://i.redd.it/bb3n0nusjt5a1.jpg,a drawing of a woman in a black and white dress
https://i.redd.it/qnj6joc02s5a1.png,a woman in a bathtub surrounded by hands
https://i.redd.it/jfpkfmneyr5a1.jpg,a painting of a cabin in the woods
https://i.redd.it/w9icofwnwr5a1.jpg,a black and white drawing of a woman
https://i.redd.it/b3in830det5a1.jpg,a drawing of a woman with cat ears
https://i.redd.it/a6nenyitvr5a1.jpg,a black and white drawing of a naked woman
https://i.redd.it/y32xnw95dt5a1.jpg,a drawing of a hand with a string coming out of it
https://i.redd.it/s0n2x7zxbt5a1.png,a drawing of a horse on a spiral notebook
https://i.redd.it/0834juqsrr5a1.jpg,a black and white drawing of a flower
https://i.redd.it/f5fp2hvpys5a1.jpg,a painting of a hindu god playing a flute
https://i.redd.it/huz6101rgr5a1.jpg,"a red, white and blue mandala"
https://i.redd.it/yyp7rg2uxs5a1.jpg,a painting of a fireman holding a hose
https://i.redd.it/owefav3rxs5a1.png,a painting of a boat on a lake with mountains in the background
https://i.redd.it/1tg5eh8exs5a1.jpg,a man with no shirt on standing next to a wall
https://i.redd.it/1rr62096us5a1.jpg,a drawing of a piece of paper with dots on it
https://i.redd.it/kqsiit18cr5a1.jpg,a painting of a person walking in a forest at night
https://i.redd.it/hgb9sysxts5a1.jpg,a painting of a colorful electronic circuit board
https://i.redd.it/nw68nqhwts5a1.jpg,a painting of a man on a wooden wall
https://i.redd.it/2ruw1scgts5a1.jpg,a cartoon of a planet with clouds in the sky
https://i.redd.it/xh4ve9pe5r5a1.jpg,a drawing of a skull with flowers on it
https://i.redd.it/unddjb4z4r5a1.jpg,a painting of a moose on a table
https://i.redd.it/qfp3ppx54r5a1.jpg,a drawing of a fox with wings and a halo
https://i.redd.it/6qrdsm1j1r5a1.jpg,a couple of birds standing on a sandy beach
https://i.redd.it/qsfqb574js5a1.jpg,a painting of a sunset over a field
https://i.redd.it/a4mbsuaees5a1.jpg,a painting of a monster in a forest
https://i.redd.it/brvgzs07es5a1.png,a black and white drawing of abstract shapes
https://i.redd.it/ecf4xzsrtq5a1.jpg,an orange and black abstract painting on a wooden table
https://i.redd.it/mmttcd9t7s5a1.jpg,a drawing of a monster with green hair on top of a carrot
https://i.redd.it/7u8zxdpt6s5a1.jpg,a painting of a woman with a sunflower
https://i.redd.it/7rzx264r4s5a1.jpg,a drawing of a dinosaur riding a skateboard
https://i.redd.it/esu01hfj4s5a1.jpg,a group of colorful bookmarks hanging on a wall
https://i.redd.it/fierfn9bkq5a1.jpg,a portrait of a woman with an angry expression
https://i.redd.it/sy32hgzzzr5a1.jpg,a painting of a woman in a pink dress
https://i.redd.it/edxh2lukzr5a1.jpg,a drawing of a person sitting on a chair with a balloon
https://i.redd.it/mca56ag1hq5a1.png,a t-shirt with a woman's face on it
https://i.redd.it/j76vwugeyr5a1.jpg,a black and white drawing of a landscape
https://i.redd.it/02a742mtxr5a1.jpg,a drawing of a bathroom with a sink and a mirror
https://i.redd.it/mg1tp5mnxr5a1.jpg,a painting of a red bird with a hat on
https://i.redd.it/v7yu9sj4xr5a1.jpg,a painting of flowers in a vase on a table
https://i.redd.it/q0qk7e3xwr5a1.jpg,a painting of a cat sitting in front of a tree
https://i.redd.it/j1jfr8xfeq5a1.jpg,a drawing of a deer with a chain around its neck
https://i.redd.it/syfcygdwvr5a1.jpg,a painting of a person in a sweater
https://i.redd.it/pn1a5ga7bq5a1.jpg,a painting of a blue dragon on a red background
https://i.redd.it/kap0joayrr5a1.jpg,a drawing of a woman with an afro
https://i.redd.it/iqwou3ol9q5a1.jpg,a bunch of smoke coming out of a pipe
https://i.redd.it/kcveas3qqr5a1.jpg,a painting of a sunset with clouds in the background
https://i.redd.it/47evoeqw8q5a1.png,a close up of a black object on a blue background
https://i.redd.it/lgocyj04pr5a1.png,a painting of a woman with butterflies on her face
https://i.redd.it/v9hf66ppkr5a1.jpg,a drawing of a head with a bunch of stuff coming out of it
https://i.redd.it/oblmhiy32q5a1.jpg,a black and white photo of a man
https://i.redd.it/wjtwr8251q5a1.jpg,a close up of a flower with smoke coming out of it
https://i.redd.it/mnxujyjfzp5a1.jpg,a painting of a painting of a painting of a painting of a painting of a painting of a painting of a painting of a painting of a painting of
https://i.redd.it/apk7fyb8zp5a1.png,a cartoon santa claus sitting in front of a christmas tree
https://i.redd.it/nrmckgtpyp5a1.jpg,a painting of a dog laying on a pink blanket
https://i.redd.it/7a4qa31qer5a1.jpg,a painting of a woman with a red handbag
https://i.redd.it/08hv292nwp5a1.png,a group of people in a cave at night
https://i.redd.it/alt0n2ijcr5a1.jpg,a painting of a woman with her hair pulled back
https://i.redd.it/x75zkqhubr5a1.jpg,a painting of a stormy sky with mountains in the background
https://i.redd.it/439z8sm1up5a1.jpg,a painting of a bunch of different things on it
https://i.redd.it/uy1d6pmutp5a1.jpg,a painting of a little boy sitting on a table
https://i.redd.it/1fkcsw1war5a1.jpg,a drawing of a room with tables and chairs
https://i.redd.it/3l79udg1tp5a1.jpg,a painting of a woman with her hands folded
https://i.redd.it/xcae69pf9r5a1.jpg,a painting of a man with fire coming out of his mouth
https://i.redd.it/soj5bphd8r5a1.jpg,a painting of a lion on a wooden floor
https://i.redd.it/f5hsz36s7r5a1.jpg,an abstract painting of a city with many buildings
https://i.redd.it/56ciycfjpp5a1.jpg,a painting of an umbrella in a dark room
https://i.redd.it/dglroxhfop5a1.png,a drawing of a woman with her arms up in the air
https://i.redd.it/2sm6klgwmp5a1.jpg,a painting of many different colors and shapes
https://i.redd.it/shv96a1j0r5a1.jpg,a picture of a car flying through the air
https://i.redd.it/kxsikjo70r5a1.jpg,a painting of a truck sitting in the grass
https://i.redd.it/u1n63jjtyq5a1.png,a pencil drawing of a woman's profile
https://i.redd.it/h7tne5c0yq5a1.jpg,a red heart on a blue background
https://i.redd.it/cneaks07ep5a1.jpg,a person walking down a hallway with a sword
https://i.redd.it/34bsjskavq5a1.jpg,a colorful collage of various objects and people
https://i.redd.it/dolbf0qsap5a1.jpg,a wooden cutting board with a pineapple on it
https://i.redd.it/6xqhyu4wrq5a1.jpg,a drawing of a cat with big eyes
https://i.redd.it/7jwqkpz89p5a1.jpg,a drawing of a black cat with a fish
https://i.redd.it/gbx5359oqq5a1.jpg,a person holding up a painting of a river
https://i.redd.it/qk9dwxbi6p5a1.jpg,a painting of people on horses in front of a building
https://i.redd.it/je21q42zoq5a1.jpg,a drawing of a skull with antlers and flowers
https://i.redd.it/nsc42ng15p5a1.jpg,a painting of a river surrounded by trees
https://i.redd.it/99kt7s19kq5a1.jpg,a picture of an alien on a table
https://i.redd.it/0f92fo55kq5a1.jpg,three paintings of a woman with long hair
https://i.redd.it/bhqitp5h2p5a1.jpg,a drawing of a girl with a bun in her hair
https://i.redd.it/iqi1ipsdjq5a1.jpg,a drawing of a person with a lot of stuff on them
https://i.redd.it/oe73b5171p5a1.png,a painting of a woman holding a flower and a child
https://i.redd.it/u8gl1ilriq5a1.jpg,a sculpture of a head with a red cross on it
https://i.redd.it/by3n0cpnzo5a1.png,a black and white drawing of a snake
https://i.redd.it/e4xw9ak0hq5a1.jpg,a cartoon animal with melted cheese on it
https://i.redd.it/quum979lgq5a1.jpg,a drawing of a man on a cardboard box
https://i.redd.it/jirzdagzxo5a1.png,a man doing a handstand in front of a painting
https://i.redd.it/jw7x12tidq5a1.jpg,a painting of a small blue car
https://i.redd.it/ebb3pt6vvo5a1.jpg,a series of pictures of a green animal
https://i.redd.it/kyy0q1o5dq5a1.jpg,a black and white drawing of a tiger
https://i.redd.it/fmbnvw1hbq5a1.jpg,a sculpture of a lobster on a white surface
https://i.redd.it/y86kpfaaaq5a1.jpg,a drawing of a skull with purple eyes
https://i.redd.it/uzc7p9s29q5a1.jpg,an embroidered patch of a can of pirulin
https://i.redd.it/s5oocnte7q5a1.jpg,an abstract painting in a frame on a wall
https://i.redd.it/zmq4xzy65q5a1.jpg,a painting of a mountain and a river
https://i.redd.it/6mr405nino5a1.png,a drawing of a wolf with glowing eyes
https://i.redd.it/xnw2xoayfo5a1.jpg,a drawing of a pond with rocks in it
https://i.redd.it/91lc7cpydo5a1.jpg,a painting of a leopard walking on a red carpet
https://i.redd.it/lu4sj4ersp5a1.gif,a painting of an old car parked next to a gas pump
https://i.redd.it/u8izqe0dsp5a1.jpg,a painting of snow covered trees and a bench
https://i.redd.it/1kc5u48nrp5a1.jpg,a drawing of a child looking out a window
https://i.redd.it/8qa84fmkqp5a1.jpg,a red traffic light seen through a window
https://i.redd.it/6jtv8ua3pp5a1.jpg,a painting of a sunset with a tree
https://i.redd.it/kej01jl06o5a1.jpg,a man sitting in a boat on top of the clouds
https://i.redd.it/vp7e0qu7mp5a1.jpg,a single red lit candle on a black background
https://i.redd.it/fhyaiaqyjp5a1.jpg,a painting of a blue jay sitting on a branch
https://i.redd.it/1ifos642ip5a1.png,a painting of a person holding a sword
https://i.redd.it/wnng0tl6fp5a1.jpg,an abstract painting with swirls on it
https://i.redd.it/7bps25bwcp5a1.jpg,a black and white drawing of a man holding a glass of wine
https://i.redd.it/60kbu543tn5a1.png,a drawing of a woman with a towel on her head
https://i.redd.it/z6ewevdaap5a1.png,a painting of a woman in a blue dress
https://i.redd.it/3gs79fb97p5a1.jpg,a drawing of a plane parked at an airport
https://i.redd.it/zhxvy51z6p5a1.jpg,a painting of a person wearing a necklace
https://i.redd.it/7evwnbik6p5a1.jpg,a painting of a woman with curly hair
https://i.redd.it/jd98pjwa6p5a1.jpg,a dog sitting on top of a lush green field
https://i.redd.it/7azvt3xg4p5a1.jpg,a painting of a woman and a boy in bed with a demon
https://i.redd.it/7vtvfjkhkn5a1.png,a mannequin with a strange face and yellow eyes
https://i.redd.it/y8iv9359kn5a1.jpg,a painting of a man's face with big eyes
https://i.redd.it/4tvfsusbzo5a1.jpg,a picture of a naked woman being held by a man in front of a christmas tree
https://i.redd.it/5ezjfe28wo5a1.png,a painting of a mountain with clouds in the background
https://i.redd.it/0cd5khj3wo5a1.jpg,a painting of a woman with purple hair
https://i.redd.it/78t75bsvvo5a1.jpg,a painting of a girl with long red hair
https://i.redd.it/2zidra3pan5a1.jpg,a painting of a woman in a sari
https://i.redd.it/kod4q2bn8n5a1.jpg,a colorful piece of art hanging on a wall
https://i.redd.it/7onhqja38n5a1.png,a painting of a man laying in bed next to a demon
https://i.redd.it/b4fuksaf4n5a1.jpg,a painting of a tree with many branches
https://i.redd.it/el587apzco5a1.jpg,a painting of a man with a snowman on his head
https://i.redd.it/qra0epopsm5a1.jpg,a painting of a full moon over a body of water
https://i.redd.it/rozzg8eq9o5a1.jpg,a drawing of a cube on a piece of paper
https://i.redd.it/t42w16dbnm5a1.jpg,a painting of a person holding a camera
https://i.redd.it/swpwgzhzlm5a1.jpg,a drawing of a plate with a flower on it
https://i.redd.it/k8fj73kd0o5a1.jpg,an abstract painting of a fire hydrant
https://i.redd.it/dmf7h3ydyn5a1.jpg,a woman in a bikini laying on her stomach
https://i.redd.it/mgktpc7ufm5a1.png,a painting of a skull with candles on its head
https://i.redd.it/6uy6dby8wn5a1.jpg,a painting of a monkey with red hair
https://i.redd.it/3oqjwgxdvn5a1.jpg,a woman smoking a cigarette in a dark room
https://i.redd.it/cbpn2elern5a1.png,a man holding a sword in the dark
https://i.redd.it/gdg84sek8m5a1.jpg,a drawing of a rabbit with a bird on its back
https://i.redd.it/wbtgles1pn5a1.png,a woman looking at a mirror with blood dripping from her eyes
https://i.redd.it/uy0lo3e0mn5a1.jpg,an old computer is sitting in the snow
https://i.redd.it/3rz6n31n1m5a1.jpg,a black and white tapestry on a wall
https://i.redd.it/8xsgk94qgn5a1.jpg,a drawing of a man with chains around his neck
https://i.redd.it/wpvhmfg8fn5a1.jpg,a drawing of two women with jester hats
https://i.redd.it/spmhjz2ren5a1.jpg,a painting of a swan with purple and white swirls
https://i.redd.it/jnk1j5wmbn5a1.jpg,a red container with a hose attached to it
https://i.redd.it/ogjrufug8n5a1.jpg,"a painting of a red, yellow, and black object"
https://i.redd.it/ab28nbff8n5a1.jpg,a black and white drawing of a woman
https://i.redd.it/48ewkfnmpl5a1.jpg,a group of men standing on a dock holding fish
https://i.redd.it/ye2tmkce4n5a1.jpg,a painting of a woman with a top on
https://i.redd.it/928hkhs53n5a1.jpg,an old gas pump sitting in front of a house
https://i.redd.it/k8edlv210n5a1.jpg,a painting of a surfer in the ocean
https://i.redd.it/jjqzfea1zm5a1.jpg,a painting of a pond with lily pads
https://i.redd.it/dtdrnadhfl5a1.jpg,a painting of a bird with a large beak
https://i.redd.it/9l87eeczum5a1.jpg,a cartoon of two people posing for a picture
https://i.redd.it/7bys8xequm5a1.jpg,a painting of a man and a woman on the moon
https://i.redd.it/zzuynqzspm5a1.jpg,a painting of a dog with its tongue out
https://i.redd.it/jo8xwb88om5a1.jpg,a drawing of a building with a mountain in the background
https://i.redd.it/gx9z9i2s5l5a1.jpg,a couple of cartoon characters flying through space
https://i.redd.it/p26urrpi5l5a1.jpg,a drawing of a bunch of people with sad faces
https://i.redd.it/mofw42hvmm5a1.jpg,a painting of a bird sitting on a tree branch
https://i.redd.it/a218zzzhlm5a1.png,a black and white drawing of a naked woman
https://i.redd.it/y7kg7ksvkm5a1.jpg,a black and white photo of a woman sitting at a table
https://i.redd.it/y8cf2o8ugm5a1.jpg,a drawing of a woman wearing sunglasses
https://i.redd.it/9uthqk1xyk5a1.jpg,a bunch of people with long hair and blue eyes
https://i.redd.it/14vyivkvdm5a1.jpg,a painting of a bunch of colorful lights
https://i.redd.it/6aa34xf3wk5a1.jpg,a woman with wings holding a sword
https://i.redd.it/3n72lfknvk5a1.png,a black bird flying over a rainbow colored sky
https://i.redd.it/ysysof7yrk5a1.jpg,a woman with a black mask on her face
https://i.redd.it/856sla6c8m5a1.jpg,a drawing of a skull with crystals on it
https://i.redd.it/m5lw4iwn6m5a1.jpg,a cartoon of a demon on a heart shaped background
https://i.redd.it/e8rad2th6m5a1.jpg,a painting of a table with chairs and food on it
https://i.redd.it/y69uttto4m5a1.jpg,a black and white drawing of a person
https://i.redd.it/buv4qwig4m5a1.jpg,a painting of two cats sitting next to each other
https://i.redd.it/e9szojhmyl5a1.jpg,a drawing of a rat with a backpack
https://i.redd.it/ej2ykme2wl5a1.jpg,a picture of a bird with swirls on it
https://i.redd.it/9sii3vfevl5a1.jpg,a drawing of a bird on a piece of paper
https://i.redd.it/jk7y2lvbvl5a1.png,a black and white drawing of a woman
https://i.redd.it/5zm9k96mdk5a1.jpg,a picture of a woman with makeup on her face
https://i.redd.it/0egyo2c9ck5a1.png,a cartoon girl with butterfly wings standing on a beach
https://i.redd.it/zd1blodjsl5a1.jpg,a painting of a yellow field with a snow covered mountain in the background
https://i.redd.it/jpuaw76wql5a1.jpg,a painting of a person walking down an alley
https://i.redd.it/7olut46u8k5a1.jpg,a black and white drawing of a coffee pot and coffee beans
https://i.redd.it/xdhilkj1pl5a1.jpg,a hand holding a lit cigarette with the words choices have consequences
https://i.redd.it/esvo53rwnl5a1.jpg,a painting of a woman with horns on her head
https://i.redd.it/8tdf1sc45k5a1.jpg,a plastic toy of an animal on a window sill
https://i.redd.it/74dag5xhml5a1.jpg,a drawing of a woman with an arrow sticking out of her head
https://i.redd.it/4xqgmmpdml5a1.png,a painting of two figures in the dark
https://i.redd.it/nq8czvewgj5a1.jpg,a drawing of a person holding a knife
https://i.redd.it/rf7gqo52kl5a1.jpg,a drawing of a pink cat with blue eyes
https://i.redd.it/llwnekpojl5a1.jpg,a black and white drawing of a person laying on a bed
https://i.redd.it/srnmvos8il5a1.jpg,a view of a field of green grass
https://i.redd.it/9v40f5giwj5a1.gif,a colorful abstract painting of several people
https://i.redd.it/1wjq50d6wj5a1.jpg,a painting of a ship flying through the clouds
https://i.redd.it/rxsrr44vtj5a1.png,a painting of a cardinal sitting on a tree branch
https://i.redd.it/udn4kasasj5a1.jpg,a painting of a dragon holding a christmas ball
https://i.redd.it/lxd23gyq6l5a1.jpg,a painting of a dog with a red bandana
https://i.redd.it/henuketfoj5a1.jpg,an image of a woman with black and white wings
https://i.redd.it/thw5khwk2l5a1.jpg,a drawing of a man with tentacles coming out of his head
https://i.redd.it/dvzyqsev0l5a1.jpg,looking up at the top of an electrical tower
https://i.redd.it/bqa9jc4wij5a1.jpg,a couple of people walking down a snowy road
https://i.redd.it/isz7q95cgj5a1.jpg,a drawing of a person holding a bat
https://i.redd.it/itkgs2h9dj5a1.jpg,a painting of a village on a hillside
https://i.redd.it/57znnphxsk5a1.jpg,a spiral notebook with a drawing of a dinosaur
https://i.redd.it/jad85m0laj5a1.jpg,a painting of a woman playing a harp
https://i.redd.it/jr1hh9n6rk5a1.jpg,a painting of a man in a suit and tie
https://i.redd.it/0hkz5gi5rk5a1.jpg,a drawing of a woman with blonde hair
https://i.redd.it/cbjfnm3a8j5a1.jpg,a sticker with two people hugging each other
https://i.redd.it/5zna0wf2ok5a1.jpg,a painting of a man surrounded by giant hands
https://i.redd.it/1gqq92vq5j5a1.png,a cartoon woman holding her finger to her lips
https://i.redd.it/dpt6p90k5j5a1.png,a bed in a dark room with red lighting
https://i.redd.it/toasja3fmk5a1.jpg,a picture of a skateboard with a lot of graffiti on it
https://i.redd.it/l4uzctmr3j5a1.jpg,a drawing of a man with flowers on his face
https://i.redd.it/64bdjeralk5a1.jpg,a painting of a person with curly hair
https://i.redd.it/21wtqetz2j5a1.jpg,an image of a woman holding a light in her hands
https://i.redd.it/zfgi74f8kk5a1.jpg,a painting of a vase with roses in it
https://i.redd.it/u2acbpvohk5a1.jpg,a sculpture of a cheetah head on a piece of wood
https://i.redd.it/nicih6q7gk5a1.jpg,a drawing of a santa with a christmas tree
https://i.redd.it/2irnom9vxi5a1.png,a painting of a mountain with flowers in the background
https://i.redd.it/rwd6xnq0ck5a1.jpg,a colorful circular design on a black background
https://i.redd.it/yp1syc4tbk5a1.jpg,a drawing of a person with a red head
https://i.redd.it/z3w2og07bk5a1.jpg,a drawing of two manatees swimming in the water
https://i.redd.it/eds94q87bk5a1.png,there is a picture of a mask
https://i.redd.it/1i28undeak5a1.jpg,a painting of a red bird sitting on a tree branch
https://i.redd.it/fa5sw3i2si5a1.png,a painting of a star in the sky
https://i.redd.it/0hi3ftnk8k5a1.png,a painting on the wall of a room
https://i.redd.it/nceifnpuqi5a1.jpg,a painting of a city with a tree in the middle of it
https://i.redd.it/u0ty4ax38k5a1.jpg,a drawing of a pyramid with a sun above it
https://i.redd.it/eqhucos87k5a1.jpg,a painting of a woman holding a baby next to a car
https://i.redd.it/fmod7kos4k5a1.jpg,two pictures of two men with food in their mouths
https://i.redd.it/w4b9toh2ni5a1.png,a cartoon drawing of a red box in the snow
https://i.redd.it/0rbkqqmh2k5a1.jpg,a drawing of a woman surrounded by snakes
https://i.redd.it/7yn240u32k5a1.jpg,a painting of a woman with blood on her shirt
https://i.redd.it/7n5qo1hzii5a1.jpg,a painting of a house at night with lights on
https://i.redd.it/f18tawkbii5a1.jpg,a house lit up at night
https://i.redd.it/cpvsgdp1zj5a1.jpg,a woman sitting down with her hand on her chin
https://i.redd.it/cxzwpuntyj5a1.jpg,a woman with long hair and a pink background
https://i.redd.it/3pcm46boyj5a1.jpg,"an abstract painting of a blue, yellow, and orange object"
https://i.redd.it/fr3fww0yxj5a1.jpg,a painting of a man's face on a wall
https://i.redd.it/42uqcai1xj5a1.jpg,a painting of a man with an eye coming out of his head
https://i.redd.it/c3ynrbygwj5a1.jpg,a painting of a bunch of orange and white objects
https://i.redd.it/f88hk80ttj5a1.jpg,a painting of a woman sitting in a field of flowers
https://i.redd.it/m42t6rs0bi5a1.png,a picture of a man with no shirt on
https://i.redd.it/akghcbjjrj5a1.jpg,a painting of a city at sunset on a wall
https://i.redd.it/5gh7fhd2rj5a1.jpg,a painting of a man praying with his hands folded
https://i.redd.it/fcjmzxhuqj5a1.jpg,a painting of colorful houses on a canvas
https://i.redd.it/5snouhp29i5a1.jpg,a kite flying in the sky with a thermometer on it
https://i.redd.it/pps6ljhbqj5a1.jpg,a drawing of a fairy sitting next to a wolf
https://i.redd.it/grdkf593pj5a1.jpg,a painting of a castle with a bridge over a river
https://i.redd.it/74njjp5woj5a1.png,a painting of a lightning bolt striking a mountain
https://i.redd.it/ynhgjwr1oj5a1.jpg,a painting of a woman with a sword
https://i.redd.it/z24l74alnj5a1.jpg,a painting of a dog wearing a sweater
https://i.redd.it/e6v474za4i5a1.jpg,a shoe that is made out of different parts of the body
https://i.redd.it/g8udjh1o3i5a1.jpg,a painting of three naked women sitting on top of each other
https://i.redd.it/eufgj8tnkj5a1.gif,a painting of a camel wearing a santa hat
https://i.redd.it/ym7zrvm5gj5a1.jpg,a painting of a man in a yellow shirt
https://i.redd.it/49exuci4gj5a1.jpg,a painting of an african woman wearing a turban
https://i.redd.it/2a6737sjfj5a1.jpg,a person holding a drawing of a woman
https://i.redd.it/2lw0416mxh5a1.gif,a pixelated image of a diner in the middle of the night
https://i.redd.it/ci1odw22bj5a1.jpg,a drawing of a woman with deer antlers
https://i.redd.it/po4jc6a0sh5a1.jpg,a painting of a bicycle parked in front of a fence
